1,google.com
2,mail.ru
3,facebook.com
4,microsoft.com
5,apple.com
6,amazonaws.com
7,dzen.ru
8,youtube.com
9,googleapis.com
10,cloudflare.com
11,akamai.net
12,instagram.com
13,twitter.com
14,akamaiedge.net
15,office.com
16,gstatic.com
17,azure.com
18,linkedin.com
19,live.com
20,akadns.net
21,googlevideo.com
22,apple-dns.net
23,googletagmanager.com
24,fbcdn.net
25,ax-msedge.net
26,workers.dev
27,windowsupdate.com
28,microsoftonline.com
29,amazon.com
30,wikipedia.org
31,aaplimg.com
32,googleusercontent.com
33,t-msedge.net
34,github.com
35,trafficmanager.net
36,doubleclick.net
37,office.net
38,fastly.net
39,icloud.com
40,tiktokcdn.com
41,whatsapp.net
42,appsflyersdk.com
43,wordpress.org
44,e2ro.com
45,bing.com
46,youtu.be
47,netflix.com
48,sharepoint.com
49,pinterest.com
50,digicert.com
51,windows.net
52,l-msedge.net
53,yahoo.com
54,domaincontrol.com
55,skype.com
56,googlesyndication.com
57,dual-s-msedge.net
58,whatsapp.com
59,goo.gl
60,tiktokv.com
61,adobe.com
62,roblox.com
63,spotify.com
64,vimeo.com
65,msn.com
66,cloudfront.net
67,a-msedge.net
68,gtld-servers.net
69,app-analytics-services.com
70,bit.ly
71,tiktok.com
72,x.com
73,google-analytics.com
74,cdninstagram.com
75,zoom.us
76,edgekey.net
77,gvt1.com
78,gvt2.com
79,ytimg.com
80,wordpress.com
81,edgesuite.net
82,office365.com
83,mozilla.org
84,ntp.org
85,snapchat.com
86,cloudflare.net
87,opera.com
88,googleadservices.com
89,qq.com
90,msedge.net
91,nic.ru
92,yandex.net
93,gandi.net
94,wac-msedge.net
95,unity3d.com
96,cdn77.org
97,blogspot.com
98,googledomains.com
99,baidu.com
100,ln-msedge.net
101,bytefcdn-oversea.com
102,a2z.com
103,samsung.com
104,rbxcdn.com
105,windows.com
106,reddit.com
107,aiv-cdn.net
108,intuit.com
109,sentry.io
110,vk.com
111,nginx.org
112,outlook.com
113,amazon-adsystem.com
114,cloudflare-dns.com
115,app-measurement.com
116,t.me
117,nginx.com
118,wa.me
119,gravatar.com
120,criteo.com
121,europa.eu
122,tiktokcdn-us.com
123,applovin.com
124,adnxs.com
125,apache.org
126,telekom.de
127,github.io
128,dropbox.com
129,nist.gov
130,msftncsi.com
131,lencr.org
132,userapi.com
133,ui.com
134,ggpht.com
135,health.mil
136,nih.gov
137,tumblr.com
138,okcdn.ru
139,epicgames.com
140,cdn-apple.com
141,gmail.com
142,miit.gov.cn
143,xiaomi.com
144,nytimes.com
145,macromedia.com
146,paypal.com
147,archive.org
148,akamaized.net
149,trbcdn.net
150,rubiconproject.com
151,pki.goog
152,myfritz.net
153,one.one
154,dns.google
155,ttdns2.com
156,forms.gle
157,adriver.ru
158,steamserver.net
159,imgsmail.ru
160,meraki.com
161,flickr.com
162,aliyuncs.com
163,mzstatic.com
164,shifen.com
165,casalemedia.com
166,registrar-servers.com
167,yandex.ru
168,dnsowl.com
169,example.com
170,cnn.com
171,medium.com
172,amazon.dev
173,forbes.com
174,safebrowsing.apple
175,doubleverify.com
176,wildberries.ru
177,soundcloud.com
178,kaspersky.com
179,discord.gg
180,t.co
181,3gppnetwork.org
182,adobe.io
183,theguardian.com
184,capcutapi.com
185,rocket-cdn.com
186,w3.org
187,taboola.com
188,byteoversea.net
189,nflxso.net
190,amazonvideo.com
191,ebay.com
192,sciencedirect.com
193,spo-msedge.net
194,ampproject.org
195,comcast.net
196,demdex.net
197,azurewebsites.net
198,mangosip.ru
199,msftconnecttest.com
200,ozon.ru
201,cedexis.net
202,twitch.tv
203,pubmatic.com
204,vungle.com
205,slack.com
206,f5.com
207,bbc.com
208,chatgpt.com
209,bbc.co.uk
210,roku.com
211,webex.com
212,fastly-edge.com
213,netangels.ru
214,shopify.com
215,creativecommons.org
216,adtrafficquality.google
217,weather.com
218,b-cdn.net
219,pv-cdn.net
220,crashlytics.com
221,sourceforge.net
222,scorecardresearch.com
223,jomodns.com
224,wsdvs.com
225,vedcdnlb.com
226,godaddy.com
227,mts.ru
228,mit.edu
229,miui.com
230,2mdn.net
231,imdb.com
232,oracle.com
233,heytapdl.com
234,omtrdc.net
235,azurefd.net
236,cpanel.net
237,allawnos.com
238,tiktokrow-cdn.com
239,s-msedge.net
240,canva.com
241,wikimedia.org
242,researchgate.net
243,ttvnw.net
244,salesforce.com
245,android.com
246,ivi.ru
247,edgecdn.ru
248,openai.com
249,temu.com
250,linkos.bg
251,discord.com
252,ksyuncdn.com
253,hubspot.com
254,doi.org
255,sc-cdn.net
256,linktr.ee
257,youtube-nocookie.com
258,who.int
259,samsungcloudsolution.com
260,cisco.com
261,sc-gw.com
262,my.com
263,mozilla.com
264,mtgglobals.com
265,wixsite.com
266,amazon.co.uk
267,opendns.com
268,facebook.net
269,nr-data.net
270,samsungcloud.com
271,launchdarkly.com
272,hp.com
273,appsflyer.com
274,tinyurl.com
275,openx.net
276,ubuntu.com
277,googleblog.com
278,adsrvr.org
279,warnerbros.com
280,stripe.com
281,arubanetworks.com
282,samsungqbe.com
283,cnbc.com
284,tiktokv.us
285,issuu.com
286,grammarly.com
287,akamaihd.net
288,media-amazon.com
289,tradingview.com
290,cdngslb.com
291,inmobi.com
292,businessinsider.com
293,steampowered.com
294,shalltry.com
295,weebly.com
296,launchpad.net
297,go.com
298,forter.com
299,3lift.com
300,harvard.edu
301,spov-msedge.net
302,drom.ru
303,appcenter.ms
304,alibabadns.com
305,msidentity.com
306,reuters.com
307,reg.ru
308,espn.com
309,www.gov.uk
310,static.microsoft
311,sharethrough.com
312,bidswitch.net
313,php.net
314,jsdelivr.net
315,dailymail.co.uk
316,media.net
317,att.com
318,weibo.com
319,dailymotion.com
320,slideshare.net
321,alibaba.com
322,booking.com
323,icloud-content.com
324,wiley.com
325,branch.io
326,googletagservices.com
327,washingtonpost.com
328,cdc.gov
329,playstation.net
330,ea.com
331,ipv4only.arpa
332,smartadserver.com
333,ibm.com
334,pages.dev
335,outbrain.com
336,adsafeprotected.com
337,mi.com
338,gosuslugi.ru
339,wsj.com
340,tds.net
341,cloud.microsoft
342,nature.com
343,1c.ru
344,netflix.net
345,ripn.net
346,worldfcdn2.com
347,douyincdn.com
348,debian.org
349,byteglb.com
350,rutube.ru
351,crpt.ru
352,checkpoint.com
353,etsy.com
354,naver.com
355,yahoo.co.jp
356,twimg.com
357,zendesk.com
358,moe.video
359,b-msedge.net
360,bloomberg.com
361,kaspersky-labs.com
362,aol.com
363,duckdns.org
364,clarity.ms
365,browser-intake-datadoghq.com
366,springer.com
367,un.org
368,xcal.tv
369,bamgrid.com
370,akam.net
371,google.de
372,wp.com
373,id5-sync.com
374,creativecdn.com
375,huawei.com
376,looker.com
377,liadm.com
378,qlivecdn.com
379,gnu.org
380,ys7.com
381,nease.net
382,bugsnag.com
383,goskope.com
384,myshopify.com
385,deepintent.com
386,inner-active.mobi
387,pangle.io
388,tiktokcdn-eu.com
389,mcafee.com
390,pixabay.com
391,indeed.com
392,stanford.edu
393,azureedge.net
394,foxnews.com
395,uber.com
396,ibyteimg.com
397,t-mobile.com
398,rambler.ru
399,list-manage.com
400,independent.co.uk
401,ok.ru
402,myhuaweicloud.com
403,unsplash.com
404,gcdn.co
405,cornell.edu
406,consultant.ru
407,nvidia.com
408,cmediahub.ru
409,indexww.com
410,bilibili.com
411,xhamster.com
412,salesforceliveagent.com
413,nasa.gov
414,wyzecam.com
415,scdn.co
416,life360.com
417,aliyun.com
418,npr.org
419,wbx2.com
420,google.co.uk
421,duckduckgo.com
422,verisign.com
423,sfx.ms
424,spotifycdn.com
425,walmart.com
426,hichina.com
427,notamedia.ru
428,globo.com
429,nstld.com
430,dell.com
431,quora.com
432,dnsmadeeasy.com
433,eventbrite.com
434,ngenix.net
435,telegram.org
436,online-metrix.net
437,duolingo.com
438,ttlivecdn.com
439,aliexpress.com
440,sohu.com
441,dns-parking.com
442,entrust.net
443,amazon.de
444,360yield.com
445,telegram.me
446,teamviewer.com
447,goodreads.com
448,dnspod.net
449,vkuser.net
450,tiktokv.eu
451,taobao.com
452,mikrotik.com
453,mediatek.com
454,beian.gov.cn
455,statista.com
456,avast.com
457,elasticbeanstalk.com
458,calendly.com
459,tp-link.com
460,cdn20.com
461,plesk.com
462,comcast.com
463,giphy.com
464,behance.net
465,addtoany.com
466,speedtest.net
467,force.com
468,steamcommunity.com
469,g.page
470,kwai.net
471,erome.com
472,mega.co.nz
473,usatoday.com
474,ailawandorder.com
475,autodesk.com
476,hicloud.com
477,wired.com
478,google.com.br
479,time.com
480,gitlab.com
481,yandex.com
482,amzn.to
483,bytefcdn-ttpeu.com
484,eset.com
485,netease.com
486,telegraph.co.uk
487,scribd.com
488,xiaomi.net
489,indiatimes.com
490,stackoverflow.com
491,blogger.com
492,adobe.net
493,mysql.com
494,wb.ru
495,timeweb.ru
496,ft.com
497,shein.com
498,rlcdn.com
499,cookiedatabase.org
500,mynetname.net
